<?xml version="1.0" encoding="UTF-8"?>
<project-private xmlns="http://www.netbeans.org/ns/project-private/1">
    <editor-bookmarks xmlns="http://www.netbeans.org/ns/editor-bookmarks/2" lastBookmarkId="0"/>
    <open-files xmlns="http://www.netbeans.org/ns/projectui-open-files/2">
        <group>
            <file>file:/D:/0000000/phpStudy/WWW/shop/application/admin/view/news/index.html</file>
            <file>file:/D:/0000000/phpStudy/WWW/shop/application/admin/controller/Tool.php</file>
            <file>file:/D:/0000000/phpStudy/WWW/shop/application/admin/controller/News.php</file>
            <file>file:/D:/0000000/phpStudy/WWW/shop/application/admin/view/index/index.html</file>
            <file>file:/D:/0000000/phpStudy/WWW/shop/application/admin/view/tool/kit.html</file>
        </group>
    </open-files>
</project-private>
